date,min,max,mean,cloud_cover,max_temp,mean_temp,min_temp,precipitation,snow_depth
2012-01-01,0.445,60.159,12.536492795389048,7.0,11.9,12.2,11.3,7.2,0.0
2012-01-02,0.463,65.824,12.864265129682996,1.0,12.6,8.1,4.2,2.0,0.0
2012-01-03,0.464,64.652,12.893674351585016,5.0,11.7,8.7,4.7,7.8,0.0
2012-01-04,0.838,68.02,12.829674351585014,4.0,11.0,8.1,4.4,2.0,0.0
2012-01-05,0.764,63.598,12.980193083573488,4.0,10.6,8.3,5.5,0.2,0.0
2012-01-06,0.445,76.663,12.562766570605186,3.0,10.6,7.0,3.3,0.0,0.0
2012-01-07,0.45,79.194,12.389391930835734,6.0,10.4,7.0,3.4,0.0,0.0
2012-01-08,0.537,83.707,13.141824207492794,7.0,12.8,8.9,7.3,0.0,0.0
2012-01-09,0.48,72.55,12.286959654178672,7.0,11.4,9.8,6.8,0.2,0.0
2012-01-10,0.449,85.789,11.92042074927954,7.0,11.2,10.0,8.6,0.0,0.0
2012-01-11,0.45,72.931,11.865109510086455,5.0,13.6,9.0,6.7,0.0,0.0
2012-01-12,0.466,71.228,11.98957636887608,4.0,7.1,10.1,6.6,0.0,0.0
2012-01-13,0.448,81.069,12.439443804034582,0.0,6.5,3.7,0.2,0.0,0.0
2012-01-14,0.887,73.107,13.224354466858788,1.0,6.7,1.7,-3.1,0.2,0.0
2012-01-15,0.884,78.906,13.894495677233431,1.0,7.2,2.5,-1.8,0.0,0.0
2012-01-16,1.409,79.022,13.107340057636888,0.0,8.7,2.9,-1.4,0.2,0.0
2012-01-17,1.308,80.357,13.043305475504322,3.0,12.4,3.1,-2.5,0.6,0.0
2012-01-18,1.0,71.543,12.569953890489916,7.0,11.0,5.9,-0.7,4.0,0.0
2012-01-19,0.447,72.137,12.202864553314122,5.0,11.3,9.7,8.4,0.8,0.0
2012-01-20,0.498,99.666,12.631899135446687,6.0,12.8,7.7,4.0,0.0,0.0
2012-01-21,0.446,97.101,12.506873198847265,6.0,12.0,10.1,7.4,0.0,0.0
2012-01-22,0.445,97.408,13.60542363112392,5.0,8.6,8.7,5.4,0.0,0.0
2012-01-23,0.447,96.384,12.713974063400576,6.0,10.4,6.0,3.4,1.4,0.0
2012-01-24,0.444,96.309,12.817585014409223,6.0,10.2,4.9,-0.6,6.2,0.0
2012-01-25,0.65,96.004,12.493962536023052,8.0,9.1,7.1,3.9,1.0,0.0
2012-01-26,1.176,95.751,12.314412103746395,5.0,9.3,7.7,6.3,0.2,0.0
2012-01-27,0.446,95.083,12.361121037463978,1.0,6.7,5.8,2.2,0.4,0.0
2012-01-28,0.445,95.646,12.869005763688762,5.0,4.9,4.3,1.9,0.0,0.0
2012-01-29,1.155,95.288,13.811622478386166,8.0,4.3,3.1,1.3,0.0,0.0
2012-01-30,0.445,58.638,13.278668587896254,7.0,2.3,2.4,0.5,0.0,0.0
2012-01-31,1.12,70.801,13.613403458213256,5.0,3.9,0.6,-1.1,0.0,0.0
2012-02-01,1.069,60.936,13.615478386167148,3.0,2.0,1.5,-0.9,0.0,0.0
2012-02-02,1.043,67.653,13.89877521613833,0.0,2.2,-0.6,-3.2,0.0,0.0
2012-02-03,0.762,72.657,14.061109510086457,2.0,1.9,-1.2,-4.5,0.0,2.0
2012-02-04,0.421,85.415,14.578097982708934,3.0,2.4,-2.2,-6.3,10.4,0.0
2012-02-05,0.711,62.823,15.603279538904898,8.0,4.5,-1.1,-4.6,0.0,7.0
2012-02-06,0.729,64.485,13.784685878962536,8.0,4.1,2.6,0.7,0.2,3.0
2012-02-07,0.724,68.975,13.597417867435158,5.0,0.7,2.6,1.1,0.0,0.0
2012-02-08,0.479,69.74,14.843095100864554,8.0,1.8,-1.4,-3.5,0.0,0.0
2012-02-09,0.613,62.375,13.929328530259363,8.0,2.4,0.3,-1.3,2.0,0.0
2012-02-10,0.595,69.778,14.025772334293949,5.0,2.4,0.3,-1.9,0.0,4.0
2012-02-11,0.717,70.587,14.226155619596542,1.0,4.8,-2.6,-7.6,0.0,2.0
2012-02-12,0.731,75.992,14.905524495677232,7.0,6.8,-1.0,-6.8,0.0,2.0
2012-02-13,0.565,61.658,13.276610951008646,7.0,8.7,2.8,-1.3,0.6,0.0
2012-02-14,0.444,62.146,12.838631123919308,6.0,11.2,5.9,3.0,0.0,0.0
2012-02-15,0.452,59.498,12.765487031700289,6.0,11.2,7.9,4.6,0.0,0.0
2012-02-16,0.442,60.929,11.896959654178676,4.0,12.2,6.9,2.5,0.0,0.0
2012-02-17,0.441,58.858,11.84821613832853,7.0,11.4,8.7,5.1,0.0,0.0
2012-02-18,0.599,55.382,12.17628818443804,6.0,7.3,9.7,8.0,2.8,0.0
2012-02-19,0.502,75.99,13.038328530259369,1.0,9.5,3.7,0.1,0.0,0.0
2012-02-20,0.164,58.456,12.672469740634003,5.0,12.5,3.2,-3.1,0.0,0.0
2012-02-21,0.495,56.687,11.864331412103745,8.0,12.5,6.9,1.3,0.0,0.0
2012-02-22,0.448,60.924,12.0609855907781,8.0,16.8,10.3,8.1,0.8,0.0
2012-02-23,1.175,56.165,11.198665706051871,4.0,14.7,12.6,8.3,0.0,0.0
2012-02-24,0.694,66.449,11.116492795389048,7.0,12.2,11.9,9.1,0.0,0.0
2012-02-25,0.443,61.051,11.600680115273777,4.0,13.3,9.8,7.4,0.0,0.0
2012-02-26,0.507,58.367,12.006106628242074,1.0,11.5,7.6,1.9,0.0,0.0
2012-02-27,1.002,58.373,11.819276657060518,8.0,13.1,8.4,5.2,0.0,0.0
2012-02-28,1.02,66.428,11.04971757925072,8.0,13.0,10.9,8.6,0.0,0.0
2012-02-29,0.888,53.292,10.997662824207492,8.0,14.4,10.8,8.5,0.0,0.0
2012-03-01,1.07,53.578,10.72542939481268,5.0,11.7,9.1,3.7,0.0,0.0
2012-03-02,0.897,80.487,11.240184438040346,,15.0,7.5,3.2,0.0,0.0
2012-03-03,0.838,63.359,11.311887608069163,5.0,9.4,10.8,6.6,2.2,0.0
2012-03-04,0.898,64.405,12.943331412103747,8.0,10.3,8.0,6.5,7.4,0.0
2012-03-05,0.456,59.611,11.950302593659943,4.0,8.9,6.8,3.2,0.0,0.0
2012-03-06,0.458,73.855,12.14770893371758,4.0,12.4,5.4,1.8,0.2,0.0
2012-03-07,0.455,70.308,11.69892219020173,5.0,12.1,8.1,3.8,3.8,0.0
2012-03-08,0.723,58.709,11.224706051873198,3.0,11.3,6.8,1.4,0.0,0.0
2012-03-09,0.461,66.398,11.529878962536024,7.0,15.8,8.1,4.8,0.0,0.0
2012-03-10,0.559,60.042,11.47406340057637,7.0,16.4,12.2,8.6,0.0,0.0
2012-03-11,0.573,56.369,11.745195965417867,1.0,14.9,10.9,5.3,0.2,0.0
2012-03-12,0.922,52.41,10.664976945244955,4.0,10.3,9.3,3.7,0.0,0.0
2012-03-13,0.489,60.494,10.800412103746398,6.0,13.5,7.6,4.9,0.0,0.0
2012-03-14,0.54,54.033,10.60921902017291,5.0,16.4,9.3,5.1,0.0,0.0
2012-03-15,0.522,56.428,10.785331412103748,2.0,9.9,8.8,1.1,0.0,0.0
2012-03-16,0.459,76.892,11.257899135446683,8.0,11.1,6.7,3.5,0.0,0.0
2012-03-17,0.661,73.928,11.710942363112393,7.0,10.4,9.2,7.3,2.2,0.0
2012-03-18,0.456,58.288,11.840121037463977,3.0,14.0,6.5,2.6,0.2,0.0
2012-03-19,0.682,53.98,10.850109510086456,0.0,15.5,7.5,0.9,0.0,0.0
2012-03-20,0.451,56.975,10.469867435158502,4.0,16.5,9.4,3.3,0.0,0.0
2012-03-21,0.646,55.48,10.458374639769453,4.0,18.2,12.2,7.9,0.0,0.0
2012-03-22,0.712,54.215,10.242247838616716,1.0,20.3,11.9,5.6,0.0,0.0
2012-03-23,0.443,71.011,10.125504322766572,1.0,20.1,13.4,6.5,0.0,0.0
2012-03-24,0.832,51.107,10.309487031700288,0.0,15.8,13.4,6.6,0.0,0.0
2012-03-25,0.727,50.808,10.776760806916426,0.0,18.9,10.6,5.3,0.0,0.0
2012-03-26,0.446,54.178,9.959671469740634,0.0,19.3,11.5,4.0,0.0,0.0
2012-03-27,0.445,53.092,9.431812680115272,0.0,22.8,12.1,4.8,0.0,0.0
2012-03-28,0.549,51.144,9.45765129682997,0.0,20.4,13.5,4.1,0.0,0.0
2012-03-29,0.454,50.159,9.5002939481268,0.0,16.9,13.3,6.1,0.0,0.0
2012-03-30,0.444,39.445,9.474821325648415,0.0,11.7,11.8,6.7,0.0,0.0
2012-03-31,0.444,41.674,10.27257636887608,6.0,13.7,9.2,6.6,0.0,0.0
2012-04-01,0.524,46.689,10.670746397694524,0.0,15.8,7.8,1.8,0.0,0.0
2012-04-02,0.444,49.923,9.89700864553314,1.0,15.1,9.6,3.3,0.0,0.0
2012-04-03,0.498,53.998,10.238948126801152,4.0,10.3,9.3,3.4,2.6,0.0
2012-04-04,0.574,53.68,10.227187319884726,5.0,9.3,6.4,2.4,0.2,0.0
2012-04-05,0.445,51.197,10.824628242074928,6.0,13.1,7.8,6.2,0.0,0.0
2012-04-06,0.443,69.038,10.763613832853029,3.0,11.2,6.1,-0.9,0.2,0.0
2012-04-07,0.444,45.1,10.337198847262249,7.0,14.2,8.5,5.8,0.6,0.0
2012-04-08,0.066,47.661,10.518268011527375,7.0,11.6,10.4,6.6,1.8,0.0
2012-04-09,0.404,57.31,10.512524495677232,8.0,14.8,9.9,8.2,4.0,0.0
2012-04-10,0.311,49.206,9.897662824207494,2.0,14.1,10.1,5.4,1.2,0.0
2012-04-11,0.31,46.185,9.848083573487031,2.0,13.2,8.7,3.3,0.0,0.0
2012-04-12,0.701,49.819,10.06235158501441,4.0,13.4,7.9,2.5,2.6,0.0
2012-04-13,0.31,50.547,10.489008645533142,3.0,12.3,8.1,2.8,0.0,0.0
2012-04-14,0.326,60.861,10.27493371757925,6.0,10.0,9.2,6.1,0.0,0.0
2012-04-15,0.316,55.452,11.531965417867436,3.0,12.3,6.5,3.0,0.0,0.0
2012-04-16,0.385,73.525,10.62048703170029,4.0,14.8,6.4,0.5,1.4,0.0
2012-04-17,0.651,76.193,11.156345821325647,6.0,12.4,10.0,5.2,3.6,0.0
2012-04-18,0.854,89.442,11.09015850144092,8.0,11.9,8.9,5.4,5.2,0.0
2012-04-19,0.645,82.818,10.978951008645533,7.0,13.1,9.0,6.1,2.0,0.0
2012-04-20,0.316,62.75,10.558561959654178,5.0,14.8,8.6,4.0,7.2,0.0
2012-04-21,0.287,58.773,10.496048991354469,4.0,15.3,8.9,2.9,0.0,0.0
2012-04-22,0.34,65.506,11.261838616714698,4.0,10.6,9.8,4.3,2.4,0.0
2012-04-23,0.004,79.214,10.841259365994237,7.0,14.1,8.5,6.3,4.2,0.0
2012-04-24,0.511,83.219,10.433953890489914,6.0,12.7,10.5,6.8,5.4,0.0
2012-04-25,0.505,73.867,11.010184438040346,7.0,14.9,9.4,6.1,11.2,0.0
2012-04-26,0.888,74.958,10.590253602305475,6.0,15.8,11.2,7.5,3.2,0.0
2012-04-27,0.198,53.48,10.218265129682996,6.0,9.7,12.4,8.9,2.4,0.0
2012-04-28,0.341,62.933,10.86599711815562,8.0,15.2,9.0,8.3,18.4,0.0
2012-04-29,0.342,68.491,11.922688760806915,6.0,19.2,10.4,5.6,3.8,0.0
2012-04-30,0.513,52.664,10.142576368876082,3.0,17.6,13.5,7.7,14.8,0.0
2012-05-01,0.513,59.593,10.122518731988473,6.0,14.7,14.5,11.3,0.0,0.0
2012-05-02,0.456,66.479,9.988155619596542,8.0,9.4,12.3,9.8,0.6,0.0
2012-05-03,0.844,64.502,10.908596541786745,8.0,10.0,8.8,8.1,0.0,0.0
2012-05-04,0.45,49.633,10.61713832853026,8.0,10.3,8.6,7.2,0.0,0.0
2012-05-05,0.793,51.226,11.009443804034582,8.0,10.4,8.0,5.6,0.2,0.0
2012-05-06,0.792,59.22,11.674172910662824,7.0,15.1,7.9,5.3,0.0,0.0
2012-05-07,0.711,45.397,11.344910662824208,6.0,18.1,9.1,3.1,2.2,0.0
2012-05-08,0.558,53.867,10.062051873198849,7.0,16.8,14.0,9.9,2.2,0.0
2012-05-09,0.447,50.036,10.067414985590778,7.0,17.1,13.3,9.8,5.8,0.0
2012-05-10,0.446,55.393,9.86835734870317,8.0,16.5,14.6,12.0,4.4,0.0
2012-05-11,0.54,47.865,9.426020172910665,4.0,15.7,13.6,10.7,0.0,0.0
2012-05-12,0.492,56.591,9.828412103746397,2.0,17.3,10.2,4.6,0.0,0.0
2012-05-13,0.795,45.707,10.330100864553314,2.0,12.5,11.1,4.9,0.0,0.0
2012-05-14,0.471,50.596,10.050809798270892,5.0,12.4,9.5,6.4,3.6,0.0
2012-05-15,0.442,64.47,9.91293371757925,5.0,14.9,8.7,5.0,2.2,0.0
2012-05-16,0.475,46.706,9.74072334293948,4.0,15.5,9.0,3.1,0.0,0.0
2012-05-17,0.461,47.619,9.602322766570603,7.0,16.2,11.1,6.6,0.0,0.0
2012-05-18,0.786,66.195,10.026976945244956,6.0,17.4,12.7,9.2,0.0,0.0
2012-05-19,0.794,53.235,9.753172910662824,8.0,11.9,14.4,11.3,0.0,0.0
2012-05-20,0.111,47.635,10.655123919308355,8.0,17.5,10.3,8.7,0.0,0.0
2012-05-21,0.791,53.951,9.827651296829972,5.0,25.7,13.4,9.2,0.0,0.0
2012-05-22,0.791,40.094,8.948268011527377,3.0,27.2,18.3,10.9,0.0,0.0
2012-05-23,0.792,39.045,8.863858789625361,1.0,27.0,20.7,14.2,0.0,0.0
2012-05-24,0.792,47.597,8.7871325648415,1.0,25.9,21.5,16.0,0.0,0.0
2012-05-25,0.79,56.5,8.703112391930835,0.0,25.9,21.1,16.2,0.0,0.0
2012-05-26,0.791,36.996,8.794487031700287,0.0,27.6,20.1,14.3,0.0,0.0
2012-05-27,0.79,41.036,9.165302593659945,0.0,26.3,20.7,13.8,0.0,0.0
2012-05-28,0.566,53.538,8.867092219020172,1.0,23.8,20.0,13.6,0.0,0.0
2012-05-29,0.748,43.22,8.737184438040346,1.0,25.4,19.1,14.4,0.0,0.0
2012-05-30,0.792,41.673,8.568599423631124,3.0,20.8,19.1,12.8,4.2,0.0
2012-05-31,0.791,39.207,8.715170028818445,5.0,21.4,16.8,12.8,0.0,0.0
2012-06-01,0.793,42.491,8.786334293948128,7.0,19.5,17.1,12.8,1.0,0.0
2012-06-02,0.794,36.609,9.106268011527378,7.0,12.7,16.0,12.4,4.8,0.0
2012-06-03,0.178,44.924,10.079948126801153,8.0,14.9,11.8,10.9,14.0,0.0
2012-06-04,0.761,51.181,9.326478386167148,6.0,16.2,11.1,7.3,0.2,0.0
2012-06-05,0.731,53.487,9.927466858789623,6.0,18.8,11.6,7.0,7.0,0.0
2012-06-06,0.822,45.162,9.132066282420748,5.0,17.8,15.1,11.4,3.2,0.0
2012-06-07,0.742,45.532,9.40657636887608,7.0,16.3,15.1,12.4,14.8,0.0
2012-06-08,0.61,58.0,9.369178674351586,7.0,19.5,14.3,12.2,0.2,0.0
2012-06-09,0.777,61.292,9.11370317002882,4.0,17.3,15.2,10.8,0.0,0.0
2012-06-10,0.021,52.988,9.799743515850144,5.0,13.0,12.6,7.9,26.2,0.0
2012-06-11,0.694,58.121,9.790974063400576,8.0,15.4,12.3,11.6,10.2,0.0
2012-06-12,0.67,67.119,9.454161383285305,8.0,18.3,12.9,10.3,0.2,0.0
2012-06-13,0.796,56.576,8.900265129682996,4.0,18.6,13.0,7.6,0.0,0.0
2012-06-14,0.796,65.365,9.014060518731988,4.0,19.3,13.5,8.3,5.4,0.0
2012-06-15,0.796,53.375,9.109051873198847,5.0,19.3,15.9,12.4,1.8,0.0
2012-06-16,0.795,52.817,9.395377521613833,6.0,20.4,15.9,12.4,0.0,0.0
2012-06-17,0.795,57.833,9.539121037463977,5.0,19.5,16.1,11.8,4.2,0.0
2012-06-18,0.81,62.411,9.150976945244958,6.0,20.5,15.3,11.0,0.0,0.0
2012-06-19,0.597,52.864,8.746524495677233,4.0,22.7,15.0,9.5,0.0,0.0
2012-06-20,0.733,49.906,8.597677233429394,4.0,20.4,17.2,11.6,5.6,0.0
2012-06-21,0.786,60.578,8.967276657060518,7.0,18.7,17.2,13.9,2.8,0.0
2012-06-22,0.784,57.554,8.98414409221902,7.0,20.2,14.9,11.1,0.2,0.0
2012-06-23,0.788,67.065,9.298593659942364,5.0,20.9,15.5,10.8,8.8,0.0
2012-06-24,0.789,62.962,9.825821325648414,5.0,22.5,16.3,11.6,0.0,0.0
2012-06-25,0.785,54.079,8.792605187319886,4.0,22.3,17.2,11.9,0.0,0.0
2012-06-26,0.784,63.924,9.018389048991354,7.0,23.4,18.1,13.8,0.0,0.0
2012-06-27,0.531,60.555,9.06972334293948,6.0,27.6,20.4,17.4,0.2,0.0
2012-06-28,0.781,45.923,8.903371757925072,3.0,21.6,22.2,16.7,0.0,0.0
2012-06-29,0.783,47.874,8.589976945244958,5.0,21.6,17.6,13.5,0.0,0.0
2012-06-30,0.741,55.96,8.772106628242074,4.0,19.3,18.4,15.2,0.0,0.0
2012-07-01,0.787,57.558,9.340446685878964,4.0,17.9,15.0,10.6,0.8,0.0
2012-07-02,0.965,55.013,8.813674351585014,7.0,19.3,15.2,12.4,4.8,0.0
2012-07-03,0.736,63.154,8.905100864553315,8.0,22.2,17.0,14.7,5.8,0.0
2012-07-04,0.922,53.452,8.79050432276657,7.0,22.5,19.0,15.7,0.0,0.0
2012-07-05,0.826,55.901,8.644025936599423,7.0,19.0,18.1,13.7,1.2,0.0
2012-07-06,0.888,56.375,8.79957060518732,7.0,19.4,17.0,15.0,8.2,0.0
2012-07-07,0.265,55.21,9.134962536023057,7.0,22.0,15.7,12.0,7.0,0.0
2012-07-08,0.791,45.84,9.86392507204611,7.0,18.8,18.1,14.1,2.6,0.0
2012-07-09,0.899,74.178,9.075976945244957,8.0,18.7,16.6,14.4,0.2,0.0
2012-07-10,0.562,66.958,8.739867435158502,8.0,20.2,15.9,13.1,6.2,0.0
2012-07-11,0.044,55.772,8.752691642651298,5.0,19.3,16.0,11.8,5.8,0.0
2012-07-12,0.658,64.743,8.836273775216139,4.0,20.1,14.5,9.6,9.0,0.0
2012-07-13,0.794,45.457,8.977870317002882,7.0,16.9,16.6,13.0,6.0,0.0
2012-07-14,0.775,45.311,9.28650432276657,8.0,18.8,15.2,13.5,3.0,0.0
2012-07-15,0.795,41.764,9.170308357348704,6.0,18.7,15.6,12.3,0.2,0.0
2012-07-16,0.915,37.437,9.014348703170027,8.0,23.8,15.8,12.8,1.6,0.0
2012-07-17,0.829,46.408,8.583547550432277,5.0,19.2,18.8,13.7,0.0,0.0
2012-07-18,0.905,42.835,8.530550432276657,8.0,20.3,16.9,14.5,1.6,0.0
2012-07-19,0.929,42.277,8.56364841498559,6.0,19.0,16.7,13.1,0.2,0.0
2012-07-20,0.609,54.972,8.672478386167146,6.0,20.7,15.7,12.4,2.0,0.0
2012-07-21,0.79,47.184,8.459138328530258,5.0,23.3,16.2,11.7,0.0,0.0
2012-07-22,0.639,35.101,8.758979827089338,2.0,27.4,18.0,12.6,0.0,0.0
2012-07-23,0.793,36.658,8.565835734870316,0.0,28.9,20.0,12.6,0.0,0.0
2012-07-24,0.835,48.63,8.531818443804035,0.0,30.2,21.8,14.7,0.0,0.0
2012-07-25,0.765,43.034,8.632438040345821,1.0,27.4,23.3,16.4,0.0,0.0
2012-07-26,0.766,42.748,8.55993371757925,0.0,24.8,21.8,16.2,0.0,0.0
2012-07-27,0.791,39.611,8.764573487031699,6.0,21.6,20.5,16.1,0.0,0.0
2012-07-28,0.778,38.604,8.595576368876081,4.0,18.9,18.1,14.5,0.0,0.0
2012-07-29,0.794,46.362,9.144556195965418,3.0,20.7,15.0,11.0,1.6,0.0
2012-07-30,0.793,43.3,8.508870317002883,3.0,20.8,15.3,9.8,3.8,0.0
2012-07-31,0.795,47.454,8.780291066282421,6.0,23.6,15.8,10.8,0.2,0.0
2012-08-01,0.796,45.807,8.660221902017291,5.0,22.8,18.2,12.8,0.4,0.0
2012-08-02,0.793,41.577,8.32171181556196,6.0,23.0,18.9,14.9,0.0,0.0
2012-08-03,0.793,39.612,8.53485590778098,2.0,21.3,17.9,12.8,2.2,0.0
2012-08-04,0.65,36.367,8.524195965417867,5.0,21.5,17.8,14.2,1.8,0.0
2012-08-05,0.795,39.56,9.38306628242075,4.0,22.3,17.0,12.5,1.2,0.0
2012-08-06,0.793,47.503,8.668740634005763,7.0,20.3,18.5,14.7,2.4,0.0
2012-08-07,0.794,47.157,8.48336023054755,6.0,23.7,15.7,11.0,1.0,0.0
2012-08-08,0.795,40.624,8.573443804034582,5.0,26.3,19.2,14.7,0.2,0.0
2012-08-09,0.794,44.08,8.598582132564841,1.0,26.9,19.8,13.2,0.0,0.0
2012-08-10,0.794,32.283,8.486129682997118,2.0,24.1,20.9,14.8,0.0,0.0
2012-08-11,0.794,39.442,8.60535446685879,1.0,26.9,19.4,14.7,0.0,0.0
2012-08-12,0.794,39.03,9.046100864553312,3.0,23.8,21.1,15.3,0.0,0.0
2012-08-13,0.792,35.772,8.473193083573486,7.0,25.1,19.2,14.6,2.8,0.0
2012-08-14,0.792,43.816,8.219829971181555,5.0,23.0,21.2,17.3,0.0,0.0
2012-08-15,0.736,41.803,8.763394812680115,4.0,22.9,20.5,18.0,0.8,0.0
2012-08-16,0.795,40.434,8.550896253602305,4.0,28.5,19.4,15.9,0.0,0.0
2012-08-17,0.797,43.702,8.281812680115275,4.0,30.3,23.2,17.9,0.0,0.0
2012-08-18,0.794,47.015,8.313466858789626,1.0,30.5,24.4,18.4,0.0,0.0
2012-08-19,0.81,42.346,9.128616714697406,1.0,25.5,24.0,17.4,0.0,0.0
2012-08-20,0.766,44.656,8.677907780979828,3.0,22.2,21.2,16.8,0.0,0.0
2012-08-21,0.625,42.636,8.500334293948127,6.0,23.4,19.1,16.0,0.2,0.0
2012-08-22,0.63,45.796,8.451066282420749,4.0,22.4,18.2,12.9,0.0,0.0
2012-08-23,0.63,40.282,8.591164265129683,6.0,20.8,17.5,12.6,0.0,0.0
2012-08-24,0.632,29.813,8.472397694524496,8.0,22.5,17.3,13.7,1.0,0.0
2012-08-25,0.632,35.038,8.553175792507204,7.0,21.5,19.0,15.4,16.4,0.0
2012-08-26,0.631,35.167,8.819922190201728,4.0,22.6,17.2,12.9,0.0,0.0
2012-08-27,0.633,33.161,8.756121037463977,5.0,24.2,16.9,11.2,2.2,0.0
2012-08-28,0.629,43.348,8.463403458213257,4.0,21.0,19.1,13.9,0.0,0.0
2012-08-29,0.631,44.781,8.911533141210375,4.0,18.1,17.1,13.2,3.8,0.0
2012-08-30,0.855,47.987,8.95871757925072,5.0,18.8,15.7,13.3,0.0,0.0
2012-08-31,0.967,48.002,8.562585014409223,3.0,22.8,12.4,5.9,0.0,0.0
2012-09-01,0.898,50.185,8.95256195965418,6.0,18.8,17.9,13.0,0.0,0.0
2012-09-02,0.898,44.087,9.784982708933718,5.0,24.7,15.7,12.5,0.0,0.0
2012-09-03,0.983,48.502,8.905755043227666,2.0,25.1,19.5,14.2,0.0,0.0
2012-09-04,0.764,45.049,8.828731988472622,4.0,20.7,19.4,13.6,0.0,0.0
2012-09-05,0.766,42.449,8.760850144092219,1.0,21.7,15.9,11.1,0.0,0.0
2012-09-06,1.001,42.099,8.59692219020173,0.0,26.4,15.0,8.3,0.0,0.0
2012-09-07,0.934,30.469,8.438974063400577,0.0,27.3,18.5,10.6,0.0,0.0
2012-09-08,0.897,35.193,8.935086455331412,0.0,28.3,18.4,9.5,0.0,0.0
2012-09-09,0.897,39.283,9.412100864553311,1.0,21.5,19.0,9.7,0.0,0.0
2012-09-10,0.855,48.881,9.050374639769451,7.0,19.0,18.9,16.3,0.0,0.0
2012-09-11,0.634,45.924,8.618060518731989,4.0,19.0,16.6,14.1,0.0,0.0
2012-09-12,0.635,46.795,9.012348703170028,4.0,19.2,13.0,7.0,2.0,0.0
2012-09-13,0.635,45.288,8.797806916426513,2.0,21.0,13.1,6.9,0.0,0.0
2012-09-14,0.632,35.202,8.85334870317003,5.0,22.9,16.8,12.5,0.0,0.0
2012-09-15,0.63,37.602,9.057342939481268,1.0,18.9,15.6,8.3,0.0,0.0
2012-09-16,0.632,44.824,9.77678097982709,6.0,19.5,16.0,13.1,0.0,0.0
2012-09-17,0.631,44.164,9.158239193083574,6.0,18.1,16.3,13.1,0.0,0.0
2012-09-18,0.633,64.087,9.17278674351585,2.0,17.8,14.7,11.3,0.0,0.0
2012-09-19,0.648,54.155,9.21399423631124,2.0,17.8,12.1,6.3,0.0,0.0
2012-09-20,0.636,54.384,9.29577521613833,4.0,16.8,13.3,8.7,0.0,0.0
2012-09-21,0.629,46.86,9.205619596541789,4.0,16.8,13.5,10.2,1.0,0.0
2012-09-22,0.63,41.36,9.44543515850144,1.0,15.0,11.5,6.1,0.0,0.0
2012-09-23,0.631,45.531,10.90142074927954,5.0,16.0,11.7,8.4,21.8,0.0
2012-09-24,0.631,47.22,9.94778097982709,6.0,17.1,13.2,10.4,8.0,0.0
2012-09-25,0.633,45.073,9.42414409221902,3.0,16.0,13.3,9.5,1.2,0.0
2012-09-26,0.637,48.118,9.676023054755044,7.0,17.5,12.9,9.7,2.2,0.0
2012-09-27,0.631,52.122,9.995536023054756,6.0,18.1,14.1,10.7,0.6,0.0
2012-09-28,0.636,48.699,9.807538904899134,5.0,16.7,13.3,8.5,0.2,0.0
2012-09-29,0.635,37.718,9.70121902017291,1.0,18.1,12.7,8.6,0.0,0.0
2012-09-30,0.635,37.59,10.457236311239193,5.0,17.3,12.1,6.1,4.2,0.0
2012-10-01,0.633,47.914,9.908913544668588,6.0,17.9,15.2,13.0,2.6,0.0
2012-10-02,0.637,50.273,9.77256484149856,6.0,15.1,14.4,10.9,1.2,0.0
2012-10-03,0.635,47.679,9.55749855907781,7.0,16.4,13.1,11.0,4.6,0.0
2012-10-04,1.521,48.498,9.767694524495678,3.0,15.8,11.4,6.4,6.2,0.0
2012-10-05,1.056,39.935,9.70672334293948,8.0,15.3,13.2,10.5,17.6,0.0
2012-10-06,0.829,49.565,9.73963688760807,4.0,13.8,11.4,7.5,0.2,0.0
2012-10-07,0.822,47.41,10.72112680115274,3.0,12.7,9.3,4.7,0.0,0.0
2012-10-08,1.028,56.579,10.493417867435156,8.0,14.3,9.9,7.0,2.8,0.0
2012-10-09,1.01,50.58,9.896080691642652,6.0,15.4,11.5,8.7,0.0,0.0
2012-10-10,1.017,42.098,9.954904899135446,7.0,15.7,11.8,8.1,0.0,0.0
2012-10-11,1.049,54.89,10.4325590778098,8.0,14.8,12.3,8.9,7.8,0.0
2012-10-12,0.826,45.092,10.128383285302592,5.0,13.5,12.3,9.7,0.0,0.0
2012-10-13,0.835,50.293,10.14992219020173,4.0,12.9,9.6,5.6,0.8,0.0
2012-10-14,1.146,56.678,11.372691642651295,1.0,14.2,7.4,1.9,0.0,0.0
2012-10-15,1.0,50.217,10.610772334293948,6.0,15.9,8.6,2.9,1.4,0.0
2012-10-16,0.812,62.398,10.141538904899136,4.0,17.5,12.1,8.3,12.0,0.0
2012-10-17,0.917,52.049,10.156827089337176,5.0,17.0,12.7,7.8,1.6,0.0
2012-10-18,0.418,50.106,9.88692219020173,7.0,13.6,14.6,12.1,0.2,0.0
2012-10-19,0.337,43.986,10.015478386167148,8.0,14.1,12.4,11.2,8.2,0.0
2012-10-20,0.337,43.555,10.233988472622478,7.0,13.6,11.3,8.4,5.2,0.0
2012-10-21,0.33,55.56,10.915250720461096,8.0,14.9,11.5,9.3,0.8,0.0
2012-10-22,0.332,53.546,10.34286167146974,8.0,13.8,12.8,10.7,0.2,0.0
2012-10-23,0.974,45.292,10.03771181556196,8.0,16.9,12.9,11.9,0.0,0.0
2012-10-24,0.891,43.209,9.74099135446686,6.0,13.3,14.4,11.9,0.0,0.0
2012-10-25,0.656,45.742,10.095780979827088,8.0,9.1,13.1,12.9,0.4,0.0
2012-10-26,1.038,46.031,10.72786455331412,7.0,9.1,8.6,8.0,0.2,0.0
2012-10-27,0.833,63.598,11.239377521613832,3.0,9.7,5.6,2.1,0.2,0.0
2012-10-28,0.848,63.096,12.002795389048991,7.0,13.3,5.0,0.2,3.0,0.0
2012-10-29,0.85,50.663,11.159129682997118,7.0,11.1,9.0,4.6,1.8,0.0
2012-10-30,0.954,45.694,10.889818443804034,4.0,13.2,7.8,4.5,0.2,0.0
2012-10-31,0.047,52.663,10.973126801152738,6.0,10.3,9.7,6.1,9.2,0.0
2012-11-01,0.963,48.031,11.208060518731989,4.0,11.3,8.6,6.8,0.4,0.0
2012-11-02,0.934,56.324,11.143634005763689,2.0,10.3,7.6,3.8,0.0,0.0
2012-11-03,0.11,65.731,11.68534582132565,3.0,8.9,6.3,2.2,11.6,0.0
2012-11-04,0.916,73.335,13.07714985590778,6.0,10.2,5.4,1.9,4.8,0.0
2012-11-05,1.029,62.067,11.504017291066283,2.0,10.1,5.3,0.3,0.0,0.0
2012-11-06,1.169,64.389,11.641622478386168,4.0,10.9,5.4,0.6,0.4,0.0
2012-11-07,0.8,73.029,11.694720461095102,4.0,13.1,7.4,3.8,0.0,0.0
2012-11-08,0.064,81.38,11.369048991354466,6.0,11.5,9.9,6.6,0.0,0.0
2012-11-09,0.851,74.649,11.145386167146974,7.0,10.2,9.7,7.8,4.2,0.0
2012-11-10,1.0,75.277,11.626305475504322,6.0,10.7,9.3,8.3,0.2,0.0
2012-11-11,0.985,67.503,12.6704265129683,1.0,12.7,6.0,1.3,0.2,0.0
2012-11-12,1.651,54.582,11.665051873198848,8.0,15.5,8.0,3.2,1.4,0.0
2012-11-13,1.109,46.938,10.781172910662823,6.0,14.2,11.4,7.3,0.2,0.0
2012-11-14,1.151,53.5,10.854031700288186,3.0,10.1,12.0,9.7,0.0,0.0
2012-11-15,1.051,59.249,11.089919308357349,6.0,12.6,7.1,4.0,0.0,0.0
2012-11-16,1.042,63.246,11.326391930835737,8.0,12.5,9.1,5.6,0.0,0.0
2012-11-17,1.158,82.952,11.621469740634009,8.0,9.9,9.3,6.0,0.0,0.0
2012-11-18,1.084,80.053,12.497832853025937,2.0,12.8,5.6,1.2,0.2,0.0
2012-11-19,0.92,82.743,11.653657060518732,5.0,13.4,7.0,1.2,1.0,0.0
2012-11-20,0.95,75.563,11.437265129683,8.0,12.1,10.3,7.1,6.2,0.0
2012-11-21,0.967,86.797,11.51692507204611,6.0,13.3,10.8,9.5,4.4,0.0
2012-11-22,0.958,68.569,11.281515850144093,6.0,11.6,9.8,6.3,11.6,0.0
2012-11-23,1.187,97.506,11.223394812680116,3.0,12.6,8.9,6.1,0.2,0.0
2012-11-24,1.065,121.974,12.462100864553314,6.0,11.6,7.4,2.1,12.2,0.0
2012-11-25,1.174,76.408,12.692190201729105,6.0,9.3,8.5,5.4,4.6,0.0
2012-11-26,1.174,94.778,11.929930835734869,8.0,8.6,8.1,6.8,7.0,0.0
2012-11-27,0.135,97.374,11.94213544668588,8.0,7.2,7.7,6.8,1.0,0.0
2012-11-28,1.373,97.534,12.500230547550432,6.0,6.5,6.5,5.8,0.0,0.0
2012-11-29,1.159,111.163,12.8724265129683,2.0,4.9,4.0,1.5,0.0,0.0
2012-11-30,1.24,113.505,12.61550144092219,4.0,6.2,1.7,-1.6,0.0,0.0
2012-12-01,1.14,60.929,13.209201729106628,3.0,10.4,2.5,-1.3,0.2,0.0
2012-12-02,0.835,56.06,14.347236311239191,2.0,10.8,4.2,-2.1,4.6,0.0
2012-12-03,1.117,67.17,12.525296829971182,6.0,8.1,5.2,-0.4,0.4,0.0
2012-12-04,1.126,87.94,12.58115273775216,2.0,4.1,4.6,1.0,1.0,0.0
2012-12-05,1.655,94.52,13.226414985590775,3.0,5.8,1.1,-2.0,0.2,0.0
2012-12-06,1.549,132.983,13.4408530259366,4.0,6.9,0.9,-4.1,2.4,0.0
2012-12-07,0.86,84.349,13.059063400576369,4.0,7.3,2.6,-1.7,0.8,0.0
2012-12-08,0.624,80.025,13.352089337175792,4.0,9.2,4.9,2.5,0.0,0.0
2012-12-09,0.597,74.793,14.271720461095102,6.0,5.9,6.1,2.9,0.0,0.0
2012-12-10,0.667,74.541,12.876256484149856,1.0,2.6,4.1,2.3,0.0,0.0
2012-12-11,0.743,73.367,13.036080691642653,4.0,0.4,0.5,-1.7,0.2,0.0
2012-12-12,0.78,76.563,13.738472622478389,6.0,6.7,-1.9,-4.1,0.0,0.0
2012-12-13,0.817,99.729,14.097746397694523,6.0,11.0,1.5,-3.8,0.4,0.0
2012-12-14,0.614,93.952,12.904841498559076,6.0,11.7,4.8,-1.4,7.4,0.0
2012-12-15,0.375,74.8,12.823135446685878,4.0,10.9,9.2,6.7,0.0,0.0
2012-12-16,0.36,81.082,13.22498270893372,4.0,9.3,7.2,3.5,0.8,0.0
2012-12-17,0.432,69.89,12.523270893371755,3.0,8.1,7.1,4.8,0.0,0.0
2012-12-18,0.446,90.922,12.53015273775216,6.0,8.7,5.9,3.6,0.0,0.0
2012-12-19,0.543,93.704,13.21513832853026,8.0,10.2,5.5,2.2,23.6,0.0
2012-12-20,0.323,108.728,13.223069164265128,7.0,10.0,7.6,5.0,3.6,0.0
2012-12-21,0.463,92.215,12.76885878962536,4.0,13.8,8.1,6.2,9.6,0.0
2012-12-22,0.309,101.009,13.197484149855908,8.0,12.4,10.0,6.2,8.4,0.0
2012-12-23,0.183,106.281,12.713691642651296,7.0,12.5,10.3,8.2,5.4,0.0
2012-12-24,0.316,86.483,13.110342939481267,7.0,9.4,10.0,7.5,8.8,0.0
2012-12-25,0.47,104.139,13.273541786743516,7.0,10.6,8.2,7.0,3.2,0.0
2012-12-26,0.583,104.949,12.21472622478386,4.0,8.5,6.9,3.2,2.4,0.0
2012-12-27,0.583,82.966,12.051913544668588,6.0,12.6,7.2,5.9,4.8,0.0
2012-12-28,0.541,54.539,12.4262939481268,8.0,11.7,9.0,5.3,0.8,0.0
2012-12-29,0.425,61.604,12.366394812680117,7.0,11.4,10.1,8.5,1.6,0.0
2012-12-30,0.581,56.072,12.314463976945245,4.0,11.2,8.2,4.9,0.2,0.0
2012-12-31,0.582,63.439,12.706818443804034,8.0,8.0,8.6,6.0,5.0,0.0
2013-01-01,0.217,65.227,12.536285302593662,3.0,11.0,5.7,3.3,0.0,0.0
2013-01-02,0.583,71.034,12.795608069164263,7.0,11.4,6.5,2.0,0.2,0.0
2013-01-03,0.584,50.844,12.16071469740634,8.0,10.3,8.6,5.7,0.0,0.0
2013-01-04,0.586,60.511,12.137760806916424,8.0,10.9,9.7,9.1,0.0,0.0
2013-01-05,0.586,74.776,12.29513832853026,7.0,9.0,9.4,7.9,0.2,0.0
2013-01-06,0.585,93.656,13.26671181556196,7.0,10.0,7.3,5.5,0.0,0.0
2013-01-07,0.582,90.448,12.29035158501441,8.0,11.5,8.6,7.1,0.0,0.0
2013-01-08,0.584,73.077,11.700380403458214,7.0,9.2,9.5,7.4,3.4,0.0
2013-01-09,0.584,57.068,11.718025936599425,4.0,3.5,8.6,8.0,0.0,0.0
2013-01-10,0.583,73.795,12.767023054755043,7.0,7.4,1.4,-0.7,0.2,0.0
2013-01-11,0.582,72.063,12.824216138328527,6.0,4.8,4.1,0.7,3.2,0.0
2013-01-12,0.578,76.318,13.845256484149855,7.0,3.6,2.6,0.4,0.2,0.0
2013-01-13,0.582,72.839,14.334951008645533,6.0,3.4,1.7,-0.3,0.0,0.0
2013-01-14,0.678,70.862,13.976236311239193,7.0,2.7,1.6,-0.3,4.8,0.0
2013-01-15,1.344,73.446,13.694025936599424,5.0,0.3,1.3,-0.1,0.0,0.0
2013-01-16,1.07,67.231,14.185904899135446,6.0,2.6,-1.2,-2.6,0.0,0.0
2013-01-17,1.057,67.274,14.13148991354467,7.0,0.6,-1.2,-4.9,0.2,0.0
2013-01-18,1.178,73.336,14.756394812680115,8.0,1.0,-0.6,-1.8,1.5,0.0
2013-01-19,1.161,84.495,15.3262795389049,8.0,-0.2,-0.6,-2.1,0.8,3.0
2013-01-20,1.169,64.267,15.30485014409222,7.0,2.0,-0.8,-1.4,3.0,2.0
2013-01-21,1.18,65.75,14.33671181556196,7.0,3.1,0.3,-1.5,0.4,5.0
2013-01-22,0.105,75.087,13.968976945244956,5.0,2.5,-0.8,-4.7,1.2,3.0
2013-01-23,1.397,61.04,14.052253602305475,8.0,2.3,1.0,-0.6,0.6,0.0
2013-01-24,0.863,67.808,13.925815561959654,8.0,3.6,1.7,1.1,0.0,0.0
2013-01-25,0.918,63.701,14.113953890489917,8.0,10.7,1.6,-0.5,4.8,0.0
2013-01-26,0.613,67.507,13.303878962536023,5.0,10.0,5.9,1.0,9.2,0.0
2013-01-27,0.657,73.926,13.597806916426514,4.0,11.9,6.8,3.6,0.2,0.0
2013-01-28,0.626,70.716,13.027841498559075,4.0,13.8,7.2,2.4,2.8,0.0
2013-01-29,0.648,85.845,12.107345821325648,8.0,11.7,8.7,3.6,6.2,0.0
2013-01-30,0.706,58.587,11.771311239193084,4.0,10.2,10.2,8.6,1.2,0.0
2013-01-31,1.036,69.965,11.943089337175794,4.0,7.6,8.4,6.6,5.8,0.0
2013-02-01,1.007,67.24,12.125201729106628,6.0,5.7,6.2,4.7,0.6,0.0
2013-02-02,1.206,63.38,12.932512968299712,3.0,10.4,4.1,2.4,0.0,0.0
2013-02-03,1.366,80.237,14.348371757925072,7.0,11.0,4.6,-1.3,0.0,0.0
2013-02-04,1.008,58.501,12.16663688760807,5.0,6.3,7.5,4.0,3.0,0.0
2013-02-05,0.946,74.595,12.509766570605189,5.0,6.0,4.0,1.7,1.0,0.0
2013-02-06,0.917,59.714,12.716864553314124,6.0,5.7,4.4,2.8,0.0,0.0
2013-02-07,1.163,77.412,12.748619596541786,3.0,6.1,2.7,-0.3,0.2,0.0
2013-02-08,0.87,61.153,12.630536023054756,5.0,4.9,3.0,-0.1,0.2,0.0
2013-02-09,0.829,55.819,13.44791354466859,8.0,5.3,3.0,1.0,2.4,0.0
2013-02-10,0.864,61.764,14.191170028818444,8.0,2.0,4.0,2.7,17.6,0.0
2013-02-11,0.837,65.454,13.229792507204612,8.0,2.3,1.2,0.4,4.2,0.0
2013-02-12,0.798,71.178,13.318893371757923,8.0,8.9,1.6,0.9,0.2,0.0
2013-02-13,1.071,62.136,13.32635446685879,8.0,12.1,4.7,0.5,1.8,0.0
2013-02-14,1.09,63.004,12.483383285302594,6.0,10.7,6.4,0.6,0.0,0.0
2013-02-15,0.646,60.978,12.011587896253602,4.0,10.2,6.2,1.7,0.0,0.0
2013-02-16,1.152,51.495,12.363190201729108,8.0,10.4,6.9,3.5,0.2,0.0
2013-02-17,1.132,68.342,12.800988472622478,2.0,9.1,5.7,0.9,0.0,0.0
2013-02-18,1.298,56.944,12.072458213256484,0.0,11.1,5.2,1.2,0.2,0.0
2013-02-19,0.996,63.069,12.00892219020173,0.0,5.4,4.8,-1.5,0.2,0.0
2013-02-20,0.864,75.192,12.39799423631124,5.0,2.3,3.1,0.7,0.2,0.0
2013-02-21,0.847,63.375,13.47608069164265,8.0,2.5,1.4,0.5,0.0,0.0
2013-02-22,0.935,83.116,13.846213256484152,8.0,2.5,1.4,0.2,0.0,0.0
2013-02-23,1.031,66.009,14.134037463976949,8.0,2.9,1.3,0.1,0.0,0.0
2013-02-24,1.074,66.784,14.63527089337176,8.0,4.3,1.5,0.1,0.0,0.0
2013-02-25,1.074,67.044,13.911172910662824,8.0,5.0,2.6,0.9,0.4,0.0
2013-02-26,1.036,73.317,13.114048991354466,8.0,6.6,3.7,2.4,0.2,0.0
2013-02-27,1.071,58.487,12.877011527377524,6.0,9.1,4.3,2.0,0.0,0.0
2013-02-28,1.062,58.553,12.797976945244956,5.0,7.1,5.2,1.3,0.2,0.0
2013-03-01,0.693,60.025,12.614034582132565,8.0,5.7,4.8,2.4,0.2,0.0
2013-03-02,0.668,57.708,13.04150432276657,6.0,8.8,4.2,2.6,0.0,0.0
2013-03-03,0.654,59.963,13.47271469740634,4.0,9.7,3.0,-2.8,0.0,0.0
2013-03-04,0.668,56.937,12.02806340057637,1.0,16.1,5.3,0.8,0.0,0.0
2013-03-05,0.675,64.35,11.22443227665706,0.0,13.8,8.1,0.1,0.0,0.0
2013-03-06,0.694,62.21,11.009469740634009,6.0,10.3,9.3,4.8,4.8,0.0
2013-03-07,0.702,90.137,11.443008645533142,7.0,10.4,8.8,7.3,1.8,0.0
2013-03-08,0.699,97.993,11.370602305475504,8.0,7.2,9.4,8.4,6.8,0.0
2013-03-09,0.688,93.203,11.77248991354467,8.0,4.2,6.5,5.7,0.2,0.0
2013-03-10,0.665,60.177,13.484556195965418,8.0,0.9,3.4,2.5,0.0,0.0
2013-03-11,0.632,73.36,13.732657060518733,7.0,5.0,0.2,-0.5,0.0,0.0
2013-03-12,0.607,68.807,13.726216138328532,6.0,7.6,1.4,-2.3,0.0,0.0
2013-03-13,1.329,56.487,12.85606340057637,4.0,7.8,3.8,-0.1,0.0,0.0
2013-03-14,1.38,61.679,12.399654178674352,3.0,9.4,2.2,-3.4,1.2,0.0
2013-03-15,1.076,57.99,12.076230547550432,8.0,9.4,5.6,1.8,6.6,0.0
2013-03-16,1.428,70.876,12.751400576368876,7.0,7.5,7.9,6.3,7.6,0.0
2013-03-17,1.309,87.566,13.470135446685878,7.0,8.1,5.3,3.1,6.6,0.0
2013-03-18,1.345,82.327,12.668740634005763,6.0,8.6,3.4,-1.3,1.8,0.0
2013-03-19,1.406,84.925,12.120198847262248,6.0,7.0,5.7,2.8,0.2,0.0
2013-03-20,1.288,57.174,12.365253602305476,7.0,7.1,4.3,1.6,0.0,0.0
2013-03-21,1.357,58.36,12.124982708933716,7.0,5.6,3.6,0.0,6.0,0.0
2013-03-22,1.249,63.303,12.833913544668588,8.0,1.8,4.0,2.4,7.4,0.0
2013-03-23,1.206,69.282,14.020250720461096,8.0,1.4,1.3,0.8,1.6,0.0
2013-03-24,1.182,70.52,15.20372334293948,8.0,1.5,0.7,0.0,0.0,0.0
2013-03-25,1.191,63.434,13.598170028818442,8.0,2.4,0.6,-0.4,0.0,0.0
2013-03-26,1.194,68.769,13.408740634005763,8.0,4.8,1.5,0.5,0.0,0.0
2013-03-27,1.321,64.508,13.298221902017293,8.0,5.2,2.1,-0.7,0.0,0.0
2013-03-28,1.476,58.577,12.893334293948127,6.0,7.4,1.9,-1.5,0.0,0.0
2013-03-29,0.862,58.066,13.081377521613833,6.0,5.8,2.7,-2.0,0.0,0.0
2013-03-30,0.816,62.063,12.631086455331411,8.0,5.9,3.5,1.1,0.0,0.0
2013-03-31,0.833,55.982,12.746247838616716,4.0,6.9,1.8,-2.3,0.0,0.0
2013-04-01,0.839,65.012,13.006521613832852,5.0,8.6,3.8,0.7,0.0,0.0
2013-04-02,0.803,58.122,11.887302593659944,0.0,6.0,4.1,-0.4,0.0,0.0
2013-04-03,0.912,61.879,12.6804265129683,5.0,3.7,2.8,-0.4,0.0,0.0
2013-04-04,1.159,66.452,12.957299711815562,7.0,8.5,2.2,0.6,0.4,0.0
2013-04-05,0.977,59.556,12.662386167146972,7.0,10.7,5.0,1.5,0.0,0.0
2013-04-06,0.976,60.982,11.7291469740634,1.0,10.4,5.4,0.1,0.0,0.0
2013-04-07,1.133,58.977,12.171314121037463,1.0,11.2,4.6,-1.2,0.0,0.0
2013-04-08,1.104,55.2,11.499824207492797,5.0,9.7,7.7,4.1,2.4,0.0
2013-04-09,0.837,55.955,11.596757925072046,7.0,11.1,6.7,3.6,0.2,0.0
2013-04-10,1.157,50.24,11.016971181556196,5.0,13.4,7.0,2.8,10.4,0.0
2013-04-11,1.164,56.714,11.10163976945245,7.0,13.2,9.2,4.9,5.6,0.0
2013-04-12,1.142,53.433,11.161253602305475,6.0,15.1,9.7,6.1,3.4,0.0
2013-04-13,1.047,58.303,11.23599711815562,7.0,19.9,9.7,4.2,4.4,0.0
2013-04-14,1.241,58.764,11.267051873198849,5.0,15.7,14.8,9.7,0.0,0.0
2013-04-15,1.306,55.709,10.092083573487033,5.0,17.1,13.2,10.6,0.0,0.0
2013-04-16,1.045,49.609,10.065922190201729,5.0,18.8,13.2,9.3,0.0,0.0
2013-04-17,1.307,52.2,9.94758213256484,5.0,15.4,13.8,8.7,0.0,0.0
2013-04-18,1.268,53.007,10.171386167146974,3.0,13.6,12.2,8.9,1.6,0.0
2013-04-19,0.955,57.386,10.23550144092219,5.0,14.0,10.1,6.6,0.0,0.0
2013-04-20,0.607,64.694,10.1192939481268,0.0,14.8,8.4,2.8,0.0,0.0
2013-04-21,0.61,64.808,10.97386167146974,2.0,15.5,8.1,1.4,0.0,0.0
2013-04-22,1.163,57.302,9.928755043227666,6.0,20.7,11.0,6.5,0.0,0.0
2013-04-23,0.416,44.91,9.554322766570603,2.0,20.3,15.0,9.2,0.0,0.0
2013-04-24,0.424,45.853,9.399674351585016,4.0,22.8,14.4,8.5,0.2,0.0
2013-04-25,0.414,43.24,8.89193083573487,4.0,13.4,16.4,9.9,2.8,0.0
2013-04-26,0.415,45.98,9.591959654178671,5.0,11.4,10.0,6.6,0.0,0.0
2013-04-27,0.415,57.718,10.15063688760807,4.0,12.1,7.2,2.9,2.6,0.0
2013-04-28,0.14,54.395,10.698178674351585,4.0,14.8,6.3,0.5,0.0,0.0
2013-04-29,0.226,35.539,9.580942363112392,4.0,14.7,11.2,7.5,0.0,0.0
2013-04-30,0.575,49.717,9.46992507204611,2.0,16.5,9.5,4.2,0.0,0.0
2013-05-01,0.577,52.107,9.331233429394812,2.0,17.6,10.2,3.8,0.0,0.0
2013-05-02,0.577,48.685,9.10878386167147,0.0,19.4,11.3,5.0,0.0,0.0
2013-05-03,0.578,33.878,8.773985590778098,0.0,17.2,12.1,4.7,0.0,0.0
2013-05-04,0.576,47.944,9.479668587896256,4.0,18.7,12.5,7.7,1.0,0.0
2013-05-05,0.578,39.436,9.734896253602306,6.0,22.0,12.7,6.7,0.0,0.0
2013-05-06,0.577,46.304,9.387772334293947,3.0,22.6,16.4,10.8,0.0,0.0
2013-05-07,0.576,57.034,9.007841498559078,0.0,17.9,15.9,9.1,0.6,0.0
2013-05-08,0.579,48.539,9.05234870317003,6.0,14.9,15.0,12.0,0.2,0.0
2013-05-09,0.581,62.131,9.44929106628242,4.0,18.3,10.9,6.9,0.8,0.0
2013-05-10,0.6,50.032,9.02385590778098,7.0,14.1,14.0,9.6,1.8,0.0
2013-05-11,0.625,55.786,9.932553314121035,6.0,15.4,10.5,6.8,2.4,0.0
2013-05-12,0.638,45.321,10.44222478386167,5.0,15.8,10.2,5.0,0.4,0.0
2013-05-13,1.155,42.537,9.25370893371758,5.0,12.3,13.2,10.5,0.0,0.0
2013-05-14,1.107,56.476,9.731247838616715,8.0,14.4,9.8,7.3,7.6,0.0
2013-05-15,1.056,41.919,9.856043227665706,6.0,16.9,10.3,6.1,0.6,0.0
2013-05-16,1.081,54.118,9.229922190201728,2.0,12.6,10.2,3.4,0.2,0.0
2013-05-17,0.848,44.906,9.854250720461096,6.0,16.0,9.7,6.7,0.0,0.0
2013-05-18,0.117,49.149,10.000896253602306,6.0,18.8,12.4,8.8,0.0,0.0
2013-05-19,1.264,52.052,10.045158501440923,3.0,17.3,13.7,8.6,0.2,0.0
2013-05-20,1.524,54.724,9.731190201729106,7.0,15.3,14.1,10.9,0.0,0.0
2013-05-21,1.048,51.64,9.275244956772337,7.0,15.0,13.9,12.4,0.4,0.0
2013-05-22,1.374,38.011,9.232230547550431,6.0,11.7,12.4,9.7,0.0,0.0
2013-05-23,0.75,49.193,9.215942363112392,5.0,9.9,8.7,5.7,0.6,0.0
2013-05-24,0.849,46.767,10.19427377521614,7.0,16.2,7.7,5.5,4.8,0.0
2013-05-25,1.201,46.79,9.770956772334294,3.0,19.8,10.8,5.3,0.0,0.0
2013-05-26,0.995,37.135,9.245582132564842,1.0,18.2,12.9,6.0,0.0,0.0
2013-05-27,1.4,38.265,9.02106340057637,2.0,12.0,12.1,6.0,4.0,0.0
2013-05-28,0.701,43.263,9.416971181556196,8.0,13.2,10.8,9.6,12.2,0.0
2013-05-29,1.07,42.848,9.753878962536024,7.0,15.2,10.4,7.5,4.0,0.0
2013-05-30,1.001,50.099,9.483596541786744,8.0,21.9,12.8,10.4,0.0,0.0
2013-05-31,0.661,48.142,9.022515850144092,6.0,18.8,16.7,11.4,0.0,0.0
2013-06-01,1.138,38.883,8.815616714697407,4.0,18.7,14.4,10.0,0.0,0.0
2013-06-02,0.917,39.547,9.31636599423631,2.0,19.3,13.5,8.2,0.0,0.0
2013-06-03,0.701,59.011,8.579723342939483,1.0,21.2,14.0,8.7,0.0,0.0
2013-06-04,0.848,62.453,8.53786167146974,0.0,21.5,14.3,7.4,0.0,0.0
2013-06-05,0.88,41.576,8.58043227665706,3.0,22.9,15.0,8.5,0.0,0.0
2013-06-06,0.885,41.477,8.434887608069165,2.0,20.6,15.7,8.5,0.4,0.0
2013-06-07,1.013,37.414,8.669997118155619,5.0,18.6,15.1,9.6,0.6,0.0
2013-06-08,0.517,44.135,8.724446685878961,4.0,15.3,13.8,8.9,0.0,0.0
2013-06-09,0.837,41.549,9.609374639769452,8.0,16.1,12.9,10.5,0.0,0.0
2013-06-10,0.849,41.392,9.02200576368876,8.0,18.1,13.3,10.5,0.0,0.0
2013-06-11,1.072,54.065,8.951025936599423,6.0,17.8,13.3,8.5,0.0,0.0
2013-06-12,1.037,42.149,9.04584726224784,8.0,19.3,15.8,13.7,2.2,0.0
2013-06-13,0.827,56.335,8.990685878962536,7.0,19.7,16.2,13.0,0.0,0.0
2013-06-14,1.04,42.402,8.83985014409222,5.0,18.3,14.4,9.1,1.0,0.0
2013-06-15,0.402,45.07,9.075406340057638,6.0,18.2,14.5,10.7,3.0,0.0
2013-06-16,0.403,48.337,9.312368876080692,6.0,21.3,14.9,11.5,0.2,0.0
2013-06-17,0.402,50.215,8.555659942363112,5.0,21.0,17.0,12.7,0.0,0.0
2013-06-18,0.054,46.646,8.437927953890489,5.0,26.1,17.3,13.5,0.0,0.0
2013-06-19,0.403,43.298,8.305968299711814,5.0,21.3,20.7,15.3,0.0,0.0
2013-06-20,0.403,46.576,8.581804034582133,6.0,23.7,19.0,16.6,0.0,0.0
2013-06-21,0.402,38.137,8.289587896253602,6.0,19.4,18.8,13.9,1.6,0.0
2013-06-22,0.404,45.019,8.765760806916427,7.0,18.6,15.6,11.8,0.2,0.0
2013-06-23,0.403,41.071,9.651489913544667,7.0,17.7,15.7,12.7,0.2,0.0
2013-06-24,0.403,39.895,8.714288184438042,7.0,21.1,13.9,10.0,0.0,0.0
2013-06-25,0.411,51.694,8.539178674351584,5.0,22.5,16.0,10.8,0.0,0.0
2013-06-26,0.405,48.123,8.380380403458213,5.0,20.7,16.4,10.2,0.0,0.0
2013-06-27,0.403,62.777,8.552256484149856,5.0,21.5,16.3,11.9,1.4,0.0
2013-06-28,0.403,59.061,8.832878962536023,7.0,22.2,16.8,12.1,0.8,0.0
2013-06-29,0.404,61.436,8.661463976945244,4.0,27.2,17.7,13.2,0.0,0.0
2013-06-30,0.405,60.465,9.28599711815562,2.0,21.3,20.7,14.1,0.0,0.0
2013-07-01,0.404,48.91,8.530616714697405,3.0,17.9,17.4,13.4,0.0,0.0
2013-07-02,0.403,50.967,8.734544668587898,5.0,21.5,14.8,11.6,1.2,0.0
2013-07-03,0.405,37.775,8.561893371757925,7.0,24.9,17.9,14.3,0.0,0.0
2013-07-04,0.404,51.856,8.347178674351586,4.0,26.3,18.7,12.5,0.0,0.0
2013-07-05,0.404,43.156,8.455302593659942,0.0,28.1,19.2,12.0,0.0,0.0
2013-07-06,0.756,40.76,8.344423631123918,0.0,29.5,21.1,14.0,0.0,0.0
2013-07-07,0.516,56.317,8.996478386167146,0.0,27.7,23.0,16.5,0.0,0.0
2013-07-08,0.899,37.609,8.323449567723344,0.0,27.2,21.6,15.5,0.0,0.0
2013-07-09,0.829,47.081,8.265881844380404,0.0,24.6,19.9,12.5,0.0,0.0
2013-07-10,0.845,59.199,8.27714121037464,1.0,23.4,19.1,13.6,0.0,0.0
2013-07-11,0.864,51.873,8.201391930835735,3.0,25.9,17.6,11.8,0.0,0.0
2013-07-12,0.836,40.691,8.333152737752162,2.0,31.4,19.1,12.3,0.0,0.0
2013-07-13,0.839,39.879,8.289743515850144,1.0,29.8,22.9,14.3,0.0,0.0
2013-07-14,0.83,53.622,8.98593083573487,1.0,30.9,23.8,17.8,0.0,0.0
2013-07-15,0.818,48.445,8.637190201729107,0.0,31.0,24.4,17.8,0.0,0.0
2013-07-16,0.058,45.385,8.471028818443804,1.0,31.9,24.1,17.2,0.0,0.0
2013-07-17,0.571,49.569,8.661040345821325,1.0,29.5,25.0,18.0,0.0,0.0
2013-07-18,0.57,44.681,8.450752161383285,0.0,29.3,24.0,18.4,0.0,0.0
2013-07-19,0.572,49.539,8.500985590778098,0.0,24.6,22.6,15.9,0.0,0.0
2013-07-20,0.571,53.221,8.633319884726225,5.0,27.5,20.6,16.5,0.0,0.0
2013-07-21,0.577,57.474,8.969342939481269,4.0,33.5,22.2,16.9,0.6,0.0
2013-07-22,0.575,55.07,8.7955734870317,1.0,29.6,25.4,17.2,0.2,0.0
2013-07-23,0.575,48.961,8.591484149855907,3.0,27.7,25.2,20.7,0.4,0.0
2013-07-24,0.578,46.192,8.366475504322766,1.0,26.9,21.5,15.3,8.6,0.0
2013-07-25,0.576,43.327,8.340342939481268,4.0,26.8,21.6,16.3,0.0,0.0
2013-07-26,0.86,44.118,8.403487031700289,3.0,28.9,20.4,13.9,0.0,0.0
2013-07-27,0.545,39.53,8.417048991354466,3.0,24.9,21.8,14.7,6.0,0.0
2013-07-28,0.851,41.086,8.807371757925072,4.0,24.7,19.8,14.7,2.8,0.0
2013-07-29,0.824,43.855,8.179400576368876,4.0,22.3,20.3,15.8,2.8,0.0
2013-07-30,0.853,45.472,8.339435158501441,3.0,26.9,18.8,15.2,2.6,0.0
2013-07-31,0.865,47.498,8.454538904899135,6.0,34.1,21.4,15.9,0.0,0.0
2013-08-01,0.858,43.622,8.354233429394812,1.0,26.4,25.3,16.5,0.0,0.0
2013-08-02,0.853,40.455,8.293092219020172,3.0,24.7,21.8,17.2,3.2,0.0
2013-08-03,0.856,40.236,7.967512968299712,1.0,24.5,20.0,15.2,0.0,0.0
2013-08-04,0.852,42.318,8.384397694524496,2.0,23.8,19.4,14.3,0.0,0.0
2013-08-05,0.898,52.689,8.363832853025936,2.0,22.7,20.3,16.7,12.0,0.0
2013-08-06,0.859,45.347,8.139250720461096,1.0,23.1,17.3,11.9,0.0,0.0
2013-08-07,0.857,46.65,8.238579250720461,1.0,25.5,18.9,14.7,0.0,0.0
2013-08-08,0.858,45.47,8.005677233429394,1.0,24.9,18.9,12.2,0.6,0.0
2013-08-09,0.87,50.596,8.386077809798271,5.0,23.0,20.2,15.5,0.0,0.0
2013-08-10,0.853,60.145,8.365314121037464,5.0,24.0,18.1,13.2,0.0,0.0
2013-08-11,0.859,50.362,8.426123919308356,3.0,22.8,20.2,16.4,0.0,0.0
2013-08-12,1.046,46.187,8.202752161383286,2.0,21.5,18.2,13.6,0.0,0.0
2013-08-13,0.866,46.175,8.169,1.0,23.4,15.9,10.3,0.4,0.0
2013-08-14,0.868,48.23,8.112512968299711,3.0,24.2,17.3,11.2,1.0,0.0
2013-08-15,0.865,46.47,8.317484149855908,3.0,23.6,20.2,16.1,1.2,0.0
2013-08-16,0.061,47.812,8.540135446685879,3.0,20.9,20.2,16.8,0.8,0.0
2013-08-17,0.876,53.497,8.744138328530259,3.0,23.9,17.4,13.9,0.0,0.0
2013-08-18,0.87,69.3,9.04991930835735,2.0,23.5,19.9,15.8,0.0,0.0
2013-08-19,0.874,63.162,8.308524495677233,1.0,24.9,17.6,11.7,0.0,0.0
2013-08-20,0.888,56.422,8.133798270893372,0.0,27.5,18.4,11.8,0.0,0.0
2013-08-21,0.899,75.843,8.093547550432277,0.0,23.9,20.1,12.7,2.8,0.0
2013-08-22,0.902,66.777,8.649971181556197,2.0,27.7,20.2,16.4,0.0,0.0
2013-08-23,0.878,45.481,8.167510086455332,0.0,18.7,21.7,15.7,0.6,0.0
2013-08-24,0.895,41.89,8.505919308357349,6.0,24.7,18.0,17.2,9.8,0.0
2013-08-25,0.709,41.264,8.31385878962536,5.0,25.9,18.8,12.9,0.2,0.0
2013-08-26,0.664,45.692,8.636463976945246,3.0,23.6,20.4,14.9,0.0,0.0
2013-08-27,0.664,46.808,8.268394812680114,2.0,24.7,17.8,11.9,0.0,0.0
2013-08-28,0.659,51.751,8.123956772334294,1.0,24.7,18.5,12.2,0.0,0.0
2013-08-29,0.647,46.871,8.118435158501441,1.0,25.4,19.5,14.2,0.0,0.0
2013-08-30,0.646,37.346,8.294853025936598,2.0,21.4,20.3,15.1,0.0,0.0
2013-08-31,0.661,37.086,8.204184438040345,1.0,22.3,17.6,13.8,0.0,0.0
2013-09-01,0.765,31.804,8.800129682997119,0.0,26.2,15.8,9.2,0.0,0.0
2013-09-02,0.88,31.479,8.444755043227666,0.0,26.0,18.8,11.4,0.0,0.0
2013-09-03,0.996,49.337,8.410230547550432,2.0,28.5,20.1,14.2,0.0,0.0
2013-09-04,0.685,46.934,8.457489913544668,0.0,29.5,21.1,13.7,0.0,0.0
2013-09-05,0.785,45.609,8.674818443804034,2.0,18.1,22.0,14.4,0.0,0.0
2013-09-06,0.883,47.642,8.581832853025936,5.0,19.5,16.2,14.2,1.2,0.0
2013-09-07,0.891,40.835,8.781152737752162,2.0,18.5,15.2,10.9,0.2,0.0
2013-09-08,0.9,41.61,9.500198847262247,2.0,14.1,13.3,8.0,3.2,0.0
2013-09-09,0.817,48.531,9.08643227665706,4.0,17.2,11.6,9.0,3.2,0.0
2013-09-10,0.855,51.69,9.083697406340058,2.0,17.4,13.1,9.0,0.0,0.0
2013-09-11,0.908,44.427,9.08672334293948,6.0,20.5,14.7,11.9,2.6,0.0
2013-09-12,0.869,55.376,9.002593659942363,6.0,19.6,16.5,12.5,1.8,0.0
2013-09-13,0.92,43.853,9.053195965417869,7.0,14.2,16.9,14.2,29.8,0.0
2013-09-14,0.918,37.521,9.413752161383286,6.0,16.2,11.7,9.2,0.2,0.0
2013-09-15,0.924,45.123,9.961832853025935,3.0,15.2,11.4,6.6,1.8,0.0
2013-09-16,0.899,45.801,9.140161383285305,0.0,14.8,11.6,7.9,0.2,0.0
2013-09-17,1.014,48.192,9.340775216138328,4.0,16.3,11.4,8.0,4.6,0.0
2013-09-18,0.471,40.994,8.900838616714697,4.0,17.5,13.5,10.7,0.0,0.0
2013-09-19,0.737,56.505,9.367380403458212,2.0,19.2,12.3,7.0,0.2,0.0
2013-09-20,0.966,40.88,9.22243515850144,4.0,18.9,14.0,8.7,0.0,0.0
2013-09-21,0.771,55.353,9.58822190201729,4.0,19.8,14.4,9.8,0.0,0.0
2013-09-22,0.923,44.128,9.867302593659945,6.0,18.6,17.2,14.5,0.0,0.0
2013-09-23,0.824,47.505,9.308391930835736,4.0,22.2,15.8,12.9,0.2,0.0
2013-09-24,0.9,47.418,8.832913544668589,5.0,21.9,16.1,10.0,0.0,0.0
2013-09-25,1.046,40.949,8.736233429394813,7.0,20.2,17.2,12.5,0.0,0.0
2013-09-26,0.995,54.438,8.95257636887608,7.0,18.7,17.1,14.0,0.0,0.0
2013-09-27,0.93,48.739,8.913951008645533,5.0,20.2,14.6,10.4,0.0,0.0
2013-09-28,0.923,50.362,9.431331412103749,6.0,19.1,16.0,11.8,0.4,0.0
2013-09-29,0.929,46.24,9.991230547550431,6.0,19.1,16.5,13.8,0.0,0.0
2013-09-30,0.414,44.11,9.34858213256484,5.0,17.5,16.4,13.7,0.0,0.0
2013-10-01,0.062,67.563,9.367530259365994,6.0,22.0,14.6,11.7,0.0,0.0
2013-10-02,0.897,46.351,9.3975590778098,7.0,19.2,18.0,14.0,0.0,0.0
2013-10-03,0.909,61.701,9.211472622478386,6.0,22.0,16.3,13.3,1.6,0.0
2013-10-04,0.879,52.449,8.85686167146974,6.0,19.4,19.0,16.0,0.0,0.0
2013-10-05,0.902,59.745,9.522674351585014,6.0,19.8,16.0,12.6,0.2,0.0
2013-10-06,0.622,53.233,9.900953890489912,4.0,20.3,14.2,8.6,0.0,0.0
2013-10-07,0.592,51.37,9.17378674351585,7.0,21.0,15.1,9.9,0.0,0.0
2013-10-08,0.625,56.689,9.004440922190202,6.0,17.8,16.8,12.6,0.0,0.0
2013-10-09,0.934,53.016,9.20891642651297,6.0,12.1,15.5,13.2,0.0,0.0
2013-10-10,0.899,70.11,9.93191930835735,4.0,13.6,9.6,7.0,1.2,0.0
2013-10-11,0.763,67.397,10.449772334293948,4.0,14.1,10.9,8.2,5.0,0.0
2013-10-12,0.904,60.879,10.235368876080692,7.0,11.4,11.7,9.2,2.2,0.0
2013-10-13,0.903,60.087,11.724587896253604,6.0,11.8,10.5,9.6,9.0,0.0
2013-10-14,1.086,51.427,10.532057636887608,7.0,13.9,10.3,8.7,2.4,0.0
2013-10-15,0.489,58.76,10.138899135446684,5.0,15.9,10.9,7.9,0.2,0.0
2013-10-16,0.632,56.391,10.297507204610952,5.0,18.7,10.7,5.4,4.8,0.0
2013-10-17,0.227,53.722,9.940910662824209,4.0,17.9,13.9,9.0,0.0,0.0
2013-10-18,0.62,52.618,9.839051873198846,5.0,18.5,14.3,10.6,1.0,0.0
2013-10-19,0.701,55.679,10.249135446685878,5.0,17.4,15.6,12.6,5.6,0.0
2013-10-20,0.495,59.152,11.031680115273774,6.0,18.2,14.9,12.4,7.0,0.0
2013-10-21,0.956,56.818,9.837948126801152,7.0,18.4,15.2,12.2,1.2,0.0
2013-10-22,0.949,56.007,9.730512968299712,7.0,17.8,16.9,15.3,6.8,0.0
2013-10-23,0.595,54.54,9.660040345821326,4.0,17.7,15.6,13.4,0.0,0.0
2013-10-24,0.221,54.211,9.78086167146974,4.0,18.8,12.1,6.4,1.8,0.0
2013-10-25,0.537,51.526,9.79849567723343,6.0,17.7,15.4,11.9,0.2,0.0
2013-10-26,0.033,51.125,10.254201729106628,4.0,16.9,16.1,14.4,4.0,0.0
2013-10-27,0.088,72.208,10.85871757925072,5.0,15.2,14.0,11.0,23.5,0.0
2013-10-28,0.538,68.975,10.564080691642651,6.0,13.1,13.3,11.3,2.5,0.0
2013-10-29,0.546,58.853,10.657337175792508,1.0,14.5,10.3,7.5,0.0,0.0
2013-10-30,0.546,53.564,10.646521613832851,3.0,13.3,9.0,3.5,1.0,0.0
2013-10-31,0.05,51.115,10.637605187319885,7.0,15.0,10.7,8.1,0.2,0.0
2013-11-01,0.54,53.496,10.707763688760808,7.0,15.8,13.2,11.4,0.6,0.0
2013-11-02,0.537,51.779,10.179913544668588,5.0,12.6,13.0,10.2,0.0,0.0
2013-11-03,0.542,59.456,11.71471469740634,3.0,10.8,10.0,7.4,15.0,0.0
2013-11-04,0.296,75.945,10.977979827089335,3.0,13.0,8.4,5.9,5.0,0.0
2013-11-05,0.967,67.049,11.2631469740634,7.0,15.7,8.6,4.2,2.0,0.0
2013-11-06,1.373,53.506,11.082659942363112,8.0,11.2,12.5,9.3,3.2,0.0
2013-11-07,1.18,52.371,10.946755043227665,5.0,11.4,10.2,9.2,0.0,0.0
2013-11-08,0.557,64.596,11.21713832853026,3.0,8.2,8.3,5.1,8.8,0.0
2013-11-09,1.272,91.9,11.93155619596542,4.0,10.2,6.0,3.7,5.6,0.0
2013-11-10,1.319,88.92,12.38778097982709,2.0,13.1,7.3,4.4,1.0,0.0
2013-11-11,0.886,77.813,11.578832853025936,7.0,12.8,7.4,1.6,2.8,0.0
2013-11-12,0.696,83.518,10.778167146974065,4.0,10.8,11.2,9.6,0.2,0.0
2013-11-13,1.07,74.041,11.210691642651296,2.0,9.7,6.1,1.3,0.4,0.0
2013-11-14,0.729,89.538,11.421867435158502,2.0,10.0,7.0,4.2,0.0,0.0
2013-11-15,1.065,86.44,11.459559077809798,1.0,10.0,6.7,3.4,0.0,0.0
2013-11-16,1.3,111.203,12.40078097982709,3.0,9.7,5.2,0.3,0.0,0.0
2013-11-17,1.301,100.171,12.79522190201729,8.0,9.6,6.2,2.7,0.4,0.0
2013-11-18,1.002,88.399,11.694648414985592,8.0,6.4,8.8,7.9,0.2,0.0
2013-11-19,0.897,70.881,11.615048991354469,1.0,7.6,4.4,2.3,0.2,0.0
2013-11-20,1.261,77.707,12.648625360230549,5.0,8.3,2.4,-2.9,4.2,0.0
2013-11-21,1.251,70.079,12.231242074927954,4.0,8.2,5.8,3.3,0.0,0.0
2013-11-22,0.877,87.099,12.491187319884729,2.0,8.1,5.8,3.3,0.0,0.0
2013-11-23,0.059,73.143,12.675870317002882,4.0,8.2,5.2,2.3,0.0,0.0
2013-11-24,1.221,87.217,13.38015561959654,7.0,7.5,6.0,3.8,0.0,0.0
2013-11-25,1.392,80.775,12.545904899135447,7.0,8.2,5.8,4.0,0.0,0.0
2013-11-26,0.532,86.162,12.400587896253604,5.0,10.9,4.4,0.6,0.2,0.0
2013-11-27,0.508,74.974,12.295311239193085,8.0,10.3,6.6,2.2,0.0,0.0
2013-11-28,0.963,72.85,11.6544409221902,8.0,10.4,8.8,7.2,0.0,0.0
2013-11-29,1.023,73.785,12.029798270893371,6.0,9.0,8.9,7.4,0.2,0.0
2013-11-30,1.286,77.308,12.302126801152736,4.0,9.7,7.2,5.3,0.0,0.0
2013-12-01,1.252,64.081,13.39077809798271,6.0,9.7,5.3,0.8,0.0,0.0
2013-12-02,1.053,63.984,12.054959654178674,8.0,7.7,7.7,5.7,0.0,0.0
2013-12-03,1.249,70.044,12.243844380403456,8.0,8.9,6.8,5.9,0.0,0.0
2013-12-04,1.03,56.733,12.21942939481268,5.0,10.6,7.0,5.1,0.2,0.0
2013-12-05,1.516,60.637,12.703247838616717,3.0,8.8,5.1,-0.5,0.4,0.0
2013-12-06,0.983,77.629,12.332046109510086,3.0,9.4,5.1,1.4,0.0,0.0
2013-12-07,0.985,58.651,12.190547550432276,7.0,12.0,6.2,3.0,0.0,0.0
2013-12-08,0.867,70.087,12.759685878962536,2.0,11.3,8.0,4.0,0.2,0.0
2013-12-09,0.914,52.938,11.872599423631126,0.0,9.6,8.1,4.8,0.2,0.0
2013-12-10,0.896,66.982,12.290167146974063,3.0,5.5,4.9,0.1,0.4,0.0
2013-12-11,1.225,62.607,12.5691469740634,0.0,11.2,3.1,0.7,0.2,0.0
2013-12-12,0.195,61.756,12.559504322766571,3.0,12.6,4.9,-1.5,0.2,0.0
2013-12-13,0.667,84.44,12.596881844380404,7.0,11.8,8.8,5.0,1.8,0.0
2013-12-14,0.563,71.638,12.894397694524494,3.0,12.7,7.7,3.5,1.2,0.0
2013-12-15,1.238,71.678,13.36628818443804,6.0,13.3,8.9,5.0,9.0,0.0
2013-12-16,0.688,49.068,12.00627089337176,7.0,7.4,11.0,8.6,12.8,0.0
2013-12-17,1.299,47.12,12.142089337175792,7.0,10.8,6.0,4.6,2.8,0.0
2013-12-18,1.495,50.959,12.221893371757924,6.0,9.0,7.9,4.9,7.8,0.0
2013-12-19,1.103,50.523,12.155590778097984,3.0,11.1,7.0,4.9,3.8,0.0
2013-12-20,0.535,56.671,12.300440922190202,2.0,12.1,6.6,2.1,2.6,0.0
2013-12-21,0.532,52.432,12.545095100864554,7.0,10.1,8.2,4.2,6.4,0.0
2013-12-22,0.531,55.15,12.72170893371758,2.0,11.9,8.7,7.2,0.2,0.0
2013-12-23,0.208,51.437,12.927556195965415,6.0,9.5,8.2,4.4,27.0,0.0
2013-12-24,0.54,56.126,12.588377521613834,6.0,7.0,8.7,7.9,5.6,0.0
2013-12-25,0.538,89.526,13.514795389048992,3.0,11.2,5.1,3.2,1.8,0.0
2013-12-26,0.539,76.934,11.930190201729106,6.0,10.8,6.7,2.1,2.4,0.0
2013-12-27,0.536,64.658,12.067253602305478,4.0,8.8,6.3,1.8,0.0,0.0
2013-12-28,0.55,72.353,11.93029106628242,2.0,10.5,6.3,3.7,0.0,0.0
2013-12-29,0.538,62.881,12.591812680115275,1.0,10.5,5.1,-0.3,0.4,0.0
2013-12-30,0.354,54.214,12.37593659942363,4.0,10.9,6.4,2.2,6.0,0.0
2013-12-31,0.541,81.308,12.414700288184438,5.0,11.4,8.0,5.1,4.8,0.0
